filename,width,height,class,xmin,ymin,xmax,ymax
20210518_200633,512,512,tissue,83,152,348,315
20210518_200647,512,512,tissue,93,164,314,323
20210518_200738,512,512,tissue,156,125,301,383
20210518_200836,512,512,tissue,111,180,348,294
20210518_200854,512,512,tissue,125,170,352,358
20210518_200929,512,512,chitato,146,159,323,353
20210518_200948,512,512,chitato,114,137,291,357
20210518_201016,512,512,chitato,128,185,362,381
20210518_201029,512,512,chitato,67,179,333,328
20210518_201043,512,512,chitato,140,187,336,396
20210518_201101,512,512,aqua,182,134,291,366
20210518_201126,512,512,aqua,168,149,293,364
20210518_201131,512,512,aqua,103,170,375,371
20210518_201146,512,512,aqua,176,181,289,383
20210518_201202,512,512,indomie,146,223,327,349
20210518_201208,512,512,indomie,123,179,306,317
20210518_201216,512,512,indomie,131,171,359,366
20210518_201220,512,512,indomie,126,205,354,366
20210518_201247,512,512,pepsodent,103,203,387,287
20210518_201252,512,512,pepsodent,92,218,346,302
20210518_201258,512,512,pepsodent,181,144,260,360
20210518_201308,512,512,pepsodent,62,195,330,273
20210518_201315,512,512,pepsodent,168,165,262,327
20210518_201326,512,512,pepsodent,189,136,269,338
20210518_201334,512,512,pepsodent,191,168,257,319
20210518_201340,512,512,pepsodent,169,171,269,365
20210518_201415,512,512,pepsodent,178,165,265,355
20210518_201505,512,512,tissue,134,152,362,337
20210518_201521,512,512,aqua,211,122,297,356
20210518_201547,512,512,aqua,131,183,295,296
20210518_201556,512,512,chitato,106,185,340,364
20210518_201608,512,512,chitato,116,166,332,367
20210518_201703,512,512,chitato,89,192,316,333
20210518_201717,512,512,pepsodent,138,174,316,330
20210518_201727,512,512,pepsodent,114,250,314,301
20210518_201746,512,512,pepsodent,199,151,276,331
20210518_201809,512,512,pepsodent,122,192,328,383
20210518_201817,512,512,indomie,105,167,338,367
20210518_201834,512,512,indomie,156,200,305,357
20210518_202021,512,512,tissue,100,153,355,366
20210518_202038,512,512,tissue,99,124,352,367
20210518_202052,512,512,tissue,82,136,358,374
20210518_202121,512,512,chitato,78,205,374,387
20210518_202155,512,512,aqua,99,181,340,343
20210518_202208,512,512,aqua,128,165,290,375
20210518_202301,512,512,aqua,163,135,224,352
20210518_202320,512,512,indomie,108,190,330,347
20210518_202327,512,512,indomie,117,220,317,360
20210518_202343,512,512,indomie,108,204,310,330
20210518_202358,512,512,pepsodent,87,233,359,325
20210518_202405,512,512,pepsodent,168,177,250,361
20210518_202426,512,512,pepsodent,141,190,260,338
20210518_202451,512,512,pepsodent,173,122,254,311
20210518_202503,512,512,pepsodent,138,204,275,356
20210518_202603,512,512,aqua,59,327,258,386
20210518_202603,512,512,pepsodent,248,279,430,327
20210518_202603,512,512,shampoo,53,191,115,281
20210518_202603,512,512,indomie,116,251,217,323
20210518_202603,512,512,tissue,223,140,376,268
20210518_202603,512,512,chitato,112,150,225,261
20210518_203030,512,512,tissue,17,248,184,386
20210518_203030,512,512,shampoo,313,264,361,369
20210518_203030,512,512,indomie,178,301,286,385
20210518_203030,512,512,aqua,219,128,265,247
20210518_203030,512,512,chitato,81,181,220,266
20210518_203030,512,512,pepsodent,188,236,302,306
20210518_203119,512,512,tissue,41,196,190,291
20210518_203119,512,512,aqua,166,126,223,242
20210518_203119,512,512,shampoo,220,138,264,227
20210518_203119,512,512,indomie,106,277,200,368
20210518_203119,512,512,pepsodent,210,230,334,267
20210518_203119,512,512,chitato,219,257,377,374
20210518_203315,512,512,aqua,328,188,415,347
20210518_203315,512,512,tissue,81,227,260,342
20210518_203315,512,512,shampoo,72,170,126,265
20210518_203315,512,512,chitato,208,180,307,301
20210518_203315,512,512,pepsodent,300,208,353,303
20210518_203315,512,512,indomie,119,196,199,244
20210518_203321,512,512,indomie,69,200,160,277
20210518_203321,512,512,chitato,171,153,270,291
20210518_203321,512,512,pepsodent,272,163,307,279
20210518_203321,512,512,shampoo,40,256,120,302
20210518_203321,512,512,aqua,297,257,368,323
20210518_203321,512,512,tissue,96,284,246,345
20210518_203347,512,512,pepsodent,53,214,110,335
20210518_203347,512,512,tissue,238,116,378,243
20210518_203347,512,512,aqua,111,186,246,230
20210518_203347,512,512,indomie,231,272,323,372
20210518_203347,512,512,chitato,92,244,230,388
20210518_203347,512,512,shampoo,183,224,284,267
20210526_080151,512,512,aqua,117,98,187,251
20210526_080151,512,512,shampoo,210,172,259,306
20210526_080151,512,512,pepsodent,194,208,338,281
20210526_080151,512,512,chitato,319,166,510,284
20210526_080151,512,512,tissue,4,236,218,404
20210526_080151,512,512,indomie,300,279,417,360
20210526_080251,512,512,shampoo,2,207,103,282
20210526_080251,512,512,tissue,47,83,259,272
20210526_080251,512,512,chitato,274,54,465,278
20210526_080251,512,512,pepsodent,68,265,251,407
20210526_080251,512,512,indomie,260,308,390,431
20210526_080251,512,512,aqua,397,280,504,373
20210526_080339,512,512,tissue,4,199,118,431
20210526_080339,512,512,pepsodent,90,131,276,196
20210526_080339,512,512,indomie,305,106,412,232
20210526_080339,512,512,aqua,127,218,245,417
20210526_080339,512,512,chitato,330,230,512,430
20210526_080339,512,512,shampoo,236,233,313,391
20210526_080355,512,512,chitato,60,80,303,262
20210526_080355,512,512,pepsodent,285,70,387,263
20210526_080355,512,512,tissue,84,333,306,468
20210526_080355,512,512,shampoo,378,181,448,335
20210526_080355,512,512,aqua,163,254,376,348
20210526_080355,512,512,indomie,278,330,396,444
20210526_080439,512,512,shampoo,71,89,172,256
20210526_080439,512,512,chitato,140,35,343,267
20210526_080439,512,512,tissue,271,152,490,293
20210526_080439,512,512,aqua,191,286,330,493
20210526_080439,512,512,indomie,64,278,197,436
20210526_080439,512,512,pepsodent,274,252,421,444
IMG20210518190754,512,512,aqua,181,36,340,484
IMG20210518190803,512,512,aqua,211,159,318,343
IMG20210518190827,512,512,aqua,215,79,363,476
IMG20210518190833,512,512,aqua,170,53,327,447
IMG20210518190836,512,512,aqua,235,133,364,375
IMG20210518190838,512,512,aqua,218,159,387,297
IMG20210518190847,512,512,aqua,236,152,368,283
IMG20210518190910,512,512,chitato,105,88,382,431
IMG20210518190917,512,512,chitato,117,96,370,414
IMG20210518190922,512,512,chitato,110,74,394,413
IMG20210518190926,512,512,chitato,108,112,368,387
IMG20210518190928,512,512,chitato,181,108,337,317
IMG20210518190935,512,512,chitato,77,5,378,380
IMG20210518190944,512,512,chitato,168,52,329,464
IMG20210518190946,512,512,chitato,96,114,344,436
IMG20210518191010,512,512,chitato,188,239,372,348
IMG20210518191054,512,512,pepsodent,91,103,414,379
IMG20210518191104,512,512,pepsodent,66,215,364,311
IMG20210518191109,512,512,pepsodent,210,24,309,409
IMG20210518191114,512,512,pepsodent,184,50,286,392
IMG20210518191128,512,512,pepsodent,173,132,291,441
IMG20210518191150,512,512,tissue,74,176,455,371
IMG20210518191154,512,512,tissue,68,174,449,354
IMG20210518191158,512,512,tissue,70,57,450,416
IMG20210518191200,512,512,tissue,84,120,423,346
IMG20210518191203,512,512,tissue,65,111,468,336
IMG20210518191214,512,512,tissue,146,64,347,393
IMG20210518191218,512,512,tissue,124,56,358,351
IMG20210518191221,512,512,tissue,116,72,361,366
IMG20210518191225,512,512,tissue,131,98,410,348
IMG20210518191227,512,512,tissue,204,99,367,430
IMG20210518191257,512,512,indomie,133,124,388,335
IMG20210518191259,512,512,indomie,147,87,368,311
IMG20210518191303,512,512,indomie,103,65,392,360
IMG20210518191307,512,512,indomie,104,109,342,315
IMG20210518191308,512,512,indomie,106,130,332,360
IMG20210518191314,512,512,indomie,166,165,305,365
IMG20210518191319,512,512,indomie,160,121,349,373
IMG20210518191332,512,512,indomie,166,190,366,433
IMG20210518191336,512,512,indomie,173,112,408,418
IMG20210518191344,512,512,pepsodent,181,154,282,371
IMG20210518191347,512,512,pepsodent,193,133,292,374
IMG20210518191349,512,512,pepsodent,106,204,400,311
IMG20210518191356,512,512,pepsodent,138,176,391,273
IMG20210518191402,512,512,pepsodent,130,24,288,344
IMG20210518191407,512,512,pepsodent,177,105,273,376
IMG20210518191409,512,512,pepsodent,182,41,257,337
IMG20210518191411,512,512,pepsodent,230,107,300,383
IMG20210518191439,512,512,tissue,60,173,217,354
IMG20210518191439,512,512,pepsodent,218,185,345,329
IMG20210518191439,512,512,shampoo,214,240,310,354
IMG20210518191439,512,512,chitato,244,130,400,280
IMG20210518191439,512,512,indomie,134,302,248,441
IMG20210518191439,512,512,aqua,332,169,431,322
IMG20210518191452,512,512,chitato,57,207,217,424
IMG20210518191452,512,512,tissue,150,140,292,294
IMG20210518191452,512,512,pepsodent,285,157,412,281
IMG20210518191452,512,512,aqua,290,214,432,376
IMG20210518191452,512,512,shampoo,300,275,372,386
IMG20210518191452,512,512,indomie,206,290,329,411
IMG20210518191457,512,512,chitato,65,199,233,414
IMG20210518191457,512,512,tissue,155,135,286,268
IMG20210518191457,512,512,pepsodent,294,143,424,271
IMG20210518191457,512,512,shampoo,318,263,383,369
IMG20210518191457,512,512,indomie,220,218,337,311
IMG20210518191457,512,512,aqua,295,200,444,368
IMG20210518191527,512,512,tissue,100,231,236,405
IMG20210518191527,512,512,aqua,225,146,292,276
IMG20210518191527,512,512,shampoo,343,208,395,304
IMG20210518191527,512,512,pepsodent,258,301,434,334
IMG20210518191527,512,512,indomie,256,225,343,314
IMG20210518191527,512,512,chitato,233,319,441,488
IMG20210518191531,512,512,aqua,82,197,181,348
IMG20210518191531,512,512,shampoo,153,140,223,243
IMG20210518191531,512,512,tissue,246,245,388,418
IMG20210518191531,512,512,indomie,141,234,245,333
IMG20210518191531,512,512,pepsodent,213,171,276,303
IMG20210518191531,512,512,chitato,243,178,405,296
IMG20210518191541,512,512,tissue,115,179,240,340
IMG20210518191541,512,512,aqua,219,78,292,217
IMG20210518191541,512,512,shampoo,338,141,404,236
IMG20210518191541,512,512,chitato,231,261,430,391
IMG20210518191541,512,512,indomie,260,157,337,254
IMG20210518191541,512,512,pepsodent,254,231,438,276
IMG_20210517_235047,512,512,pepsodent,73,157,392,376
IMG_20210517_235107,512,512,pepsodent,180,127,296,403
IMG_20210517_235112,512,512,pepsodent,161,122,314,446
IMG_20210517_235116,512,512,pepsodent,185,135,294,412
IMG_20210517_235122,512,512,pepsodent,101,216,400,312
IMG_20210517_235127,512,512,pepsodent,128,161,356,393
IMG_20210517_235136,512,512,pepsodent,77,192,362,382
IMG_20210517_235142,512,512,pepsodent,100,219,395,329
IMG_20210517_235430,512,512,chitato,147,63,333,459
IMG_20210517_235440,512,512,chitato,163,107,346,447
IMG_20210517_235445,512,512,chitato,141,145,363,433
IMG_20210517_235448,512,512,chitato,89,196,387,390
IMG_20210517_235453,512,512,chitato,104,134,398,319
IMG_20210517_235457,512,512,chitato,94,116,402,426
IMG_20210517_235509,512,512,chitato,214,14,498,285
IMG_20210517_235514,512,512,chitato,20,27,254,282
IMG_20210517_235841,512,512,indomie,122,127,370,303
IMG_20210517_235852,512,512,indomie,212,2,473,261
IMG_20210517_235856,512,512,indomie,127,199,352,344
IMG_20210517_235900,512,512,indomie,138,87,354,325
IMG_20210517_235904,512,512,indomie,116,108,368,372
IMG_20210517_235909,512,512,indomie,246,95,487,308
IMG_20210517_235919,512,512,indomie,130,152,330,357
IMG_20210517_235924,512,512,indomie,6,225,241,454
IMG_20210517_235936,512,512,aqua,197,80,311,344
IMG_20210517_235952,512,512,aqua,129,111,312,381
IMG_20210517_235957,512,512,aqua,32,34,228,327
IMG_20210518_000019,512,512,aqua,77,124,450,231
IMG_20210518_000027,512,512,aqua,249,39,512,318
IMG_20210518_000032,512,512,aqua,203,105,502,245
IMG_20210518_000041,512,512,aqua,310,101,460,371
IMG_20210518_000047,512,512,aqua,113,67,254,347
IMG_20210518_000109,512,512,pepsodent,139,103,229,286
IMG_20210518_000121,512,512,pepsodent,323,145,434,329
IMG_20210518_000125,512,512,pepsodent,193,208,395,285
IMG_20210518_000130,512,512,pepsodent,182,190,256,385
IMG_20210518_000136,512,512,pepsodent,208,301,418,470
IMG_20210518_000141,512,512,pepsodent,63,107,149,292
IMG_20210518_000150,512,512,pepsodent,33,266,129,500
IMG_20210518_000154,512,512,pepsodent,384,27,508,208
IMG_20210518_000222,512,512,tissue,78,55,380,249
IMG_20210518_000231,512,512,tissue,56,51,278,291
IMG_20210518_000236,512,512,tissue,269,78,512,310
IMG_20210518_000240,512,512,tissue,137,270,508,461
IMG_20210518_000244,512,512,tissue,116,160,405,346
IMG_20210518_000249,512,512,tissue,145,102,270,372
IMG_20210518_000257,512,512,tissue,269,13,428,305
IMG_20210518_000301,512,512,tissue,82,107,338,302
IMG_20210518_000332,512,512,shampoo,1,212,101,341
IMG_20210518_000332,512,512,aqua,260,50,346,242
IMG_20210518_000332,512,512,tissue,27,75,231,239
IMG_20210518_000332,512,512,chitato,378,154,512,313
IMG_20210518_000332,512,512,pepsodent,155,336,406,411
IMG_20210518_000332,512,512,indomie,164,223,286,337
IMG_20210518_000339,512,512,tissue,11,122,144,363
IMG_20210518_000339,512,512,shampoo,174,105,253,246
IMG_20210518_000339,512,512,aqua,267,40,359,254
IMG_20210518_000339,512,512,chitato,293,186,475,379
IMG_20210518_000339,512,512,indomie,133,233,312,372
IMG_20210518_000339,512,512,pepsodent,134,368,398,465
IMG_20210518_000354,512,512,aqua,163,1,248,199
IMG_20210518_000354,512,512,tissue,96,164,235,430
IMG_20210518_000354,512,512,shampoo,232,136,309,280
IMG_20210518_000354,512,512,pepsodent,303,127,354,276
IMG_20210518_000354,512,512,indomie,216,287,347,430
IMG_20210518_000354,512,512,chitato,303,260,503,456
IMG_20210518_000402,512,512,tissue,72,96,207,331
IMG_20210518_000402,512,512,aqua,32,284,195,481
IMG_20210518_000402,512,512,shampoo,219,144,303,284
IMG_20210518_000402,512,512,pepsodent,244,85,367,234
IMG_20210518_000402,512,512,chitato,320,84,490,200
IMG_20210518_000402,512,512,indomie,212,293,351,448
IMG_20210518_000408,512,512,shampoo,7,50,118,193
IMG_20210518_000408,512,512,pepsodent,253,84,356,218
IMG_20210518_000408,512,512,chitato,323,87,492,208
IMG_20210518_000408,512,512,aqua,57,246,213,437
IMG_20210518_000408,512,512,indomie,219,276,341,419
IMG_20210518_000408,512,512,tissue,334,201,512,446
IMG_20210518_000416,512,512,shampoo,33,87,126,210
IMG_20210518_000416,512,512,pepsodent,52,197,235,298
IMG_20210518_000416,512,512,chitato,327,118,484,220
IMG_20210518_000416,512,512,aqua,125,232,235,416
IMG_20210518_000416,512,512,indomie,227,286,353,416
IMG_20210518_000416,512,512,tissue,350,227,512,445
IMG_20210518_000422,512,512,shampoo,13,54,132,187
IMG_20210518_000422,512,512,tissue,233,33,334,232
IMG_20210518_000422,512,512,pepsodent,44,179,228,287
IMG_20210518_000422,512,512,chitato,339,81,505,200
IMG_20210518_000422,512,512,aqua,113,229,234,410
IMG_20210518_000422,512,512,indomie,404,190,512,320
IMG_20210518_000427,512,512,indomie,40,134,184,210
IMG_20210518_000427,512,512,tissue,228,34,326,219
IMG_20210518_000427,512,512,chitato,335,73,498,188
IMG_20210518_000427,512,512,aqua,188,213,402,340
IMG_20210518_000427,512,512,indomie,406,180,508,312
IMG_20210518_000427,512,512,pepsodent,45,172,231,290
IMG_20210518_000438,512,512,shampoo,66,127,218,212
IMG_20210518_000438,512,512,tissue,256,39,342,217
IMG_20210518_000438,512,512,pepsodent,90,240,162,426
IMG_20210518_000438,512,512,aqua,223,254,429,443
IMG_20210518_000438,512,512,chitato,321,113,424,310
IMG_20210518_000438,512,512,indomie,408,194,511,320
IMG_20210518_172455,512,512,pepsodent,68,200,438,298
IMG_20210518_172507_HHT,512,512,pepsodent,70,182,443,283
IMG_20210518_172513,512,512,pepsodent,79,192,448,284
IMG_20210518_172554_HHT,512,512,pepsodent,168,65,313,333
IMG_20210518_172600_HHT,512,512,pepsodent,171,43,323,335
IMG_20210518_173031_HHT,512,512,aqua,107,1,347,488
IMG_20210518_173042_HHT,512,512,aqua,172,10,294,482
IMG_20210518_173057,512,512,aqua,175,30,349,343
IMG_20210518_182414578~2,512,512,indomie,79,115,426,381
IMG_20210518_182454330,512,512,indomie,97,127,435,324
IMG_20210518_182515156,512,512,indomie,106,190,406,376
IMG_20210518_182537856,512,512,indomie,166,171,373,352
IMG_20210518_182547134,512,512,indomie,97,152,400,400
IMG_20210518_182553918,512,512,indomie,112,168,395,359
IMG_20210518_182600801,512,512,indomie,143,150,365,319
IMG_20210518_182607741,512,512,indomie,153,215,364,362
IMG_20210518_182640691,512,512,chitato,107,122,465,386
IMG_20210518_182648842,512,512,chitato,107,140,423,405
IMG_20210518_182655121,512,512,chitato,129,159,421,397
IMG_20210518_182713113,512,512,chitato,116,180,394,334
IMG_20210518_182720294,512,512,chitato,97,185,433,365
IMG_20210518_182730799,512,512,chitato,154,208,404,406
IMG_20210518_182736653,512,512,chitato,129,173,408,397
IMG_20210518_182742993,512,512,chitato,124,179,429,352
IMG_20210518_182758993,512,512,pepsodent,90,219,418,299
IMG_20210518_182807019,512,512,pepsodent,84,239,440,337
IMG_20210518_182816918,512,512,pepsodent,207,108,304,442
IMG_20210518_182837623,512,512,pepsodent,209,160,289,387
IMG_20210518_182842946,512,512,pepsodent,196,128,287,384
IMG_20210518_182851275,512,512,pepsodent,85,244,394,335
IMG_20210518_182903765,512,512,pepsodent,201,159,282,398
IMG_20210518_182909740,512,512,pepsodent,217,163,295,392
IMG_20210518_182924946,512,512,tissue,75,166,388,348
IMG_20210518_182931108,512,512,tissue,76,178,417,379
IMG_20210518_182936499,512,512,tissue,110,196,419,361
IMG_20210518_182947486,512,512,tissue,165,144,331,359
IMG_20210518_182952318,512,512,tissue,171,168,365,390
IMG_20210518_182958956,512,512,tissue,94,175,437,368
IMG_20210518_183004267,512,512,tissue,107,202,420,371
IMG_20210518_183009824,512,512,tissue,161,174,383,414
IMG_20210518_183047063,512,512,pepsodent,183,117,316,476
IMG_20210518_183051896,512,512,pepsodent,201,105,292,411
IMG_20210518_183058236,512,512,pepsodent,139,117,257,427
IMG_20210518_183117432,512,512,pepsodent,235,135,309,415
IMG_20210518_183123047,512,512,pepsodent,154,74,258,402
IMG_20210518_183133549,512,512,pepsodent,200,187,349,439
IMG_20210518_183144889,512,512,pepsodent,198,196,350,473
IMG_20210518_183154539,512,512,pepsodent,209,230,354,478
IMG_20210518_183259461,512,512,aqua,189,49,318,479
IMG_20210518_183309541,512,512,aqua,158,39,304,463
IMG_20210518_183314674,512,512,aqua,299,106,401,461
IMG_20210518_183340384,512,512,aqua,214,236,317,487
IMG_20210518_183345638,512,512,aqua,187,184,305,481
IMG_20210518_183412863,512,512,aqua,221,159,318,388
IMG_20210518_183420254,512,512,aqua,191,219,293,397
IMG_20210518_183430169,512,512,aqua,186,90,329,466
IMG_20210518_183453273,512,512,aqua,184,139,382,478
IMG_20210518_183527576,512,512,shampoo,52,243,161,391
IMG_20210518_183527576,512,512,chitato,127,200,252,393
IMG_20210518_183527576,512,512,aqua,236,132,319,367
IMG_20210518_183527576,512,512,tissue,281,192,424,296
IMG_20210518_183527576,512,512,pepsodent,97,364,351,471
IMG_20210518_183527576,512,512,indomie,306,282,450,385
IMG_20210518_183555464,512,512,aqua,14,118,146,321
IMG_20210518_183555464,512,512,tissue,92,279,295,430
IMG_20210518_183555464,512,512,indomie,143,235,263,301
IMG_20210518_183555464,512,512,shampoo,254,190,320,327
IMG_20210518_183555464,512,512,chitato,296,214,436,328
IMG_20210518_183555464,512,512,pepsodent,296,318,508,385
IMG_20210518_183619394,512,512,pepsodent,56,258,218,314
IMG_20210518_183619394,512,512,shampoo,175,198,259,347
IMG_20210518_183619394,512,512,tissue,221,215,384,305
IMG_20210518_183619394,512,512,aqua,379,139,495,363
IMG_20210518_183619394,512,512,chitato,87,278,230,432
IMG_20210518_183619394,512,512,indomie,257,313,401,417
IMG_20210518_183635748,512,512,chitato,151,227,260,296
IMG_20210518_183635748,512,512,indomie,147,323,243,434
IMG_20210518_183635748,512,512,tissue,272,281,385,444
IMG_20210518_183635748,512,512,pepsodent,257,203,317,294
IMG_20210518_183635748,512,512,shampoo,230,214,266,334
IMG_20210518_183635748,512,512,aqua,208,326,274,509
IMG_20210518_183645495,512,512,tissue,137,170,252,312
IMG_20210518_183645495,512,512,aqua,254,54,302,205
IMG_20210518_183645495,512,512,shampoo,243,197,289,306
IMG_20210518_183645495,512,512,indomie,270,205,354,285
IMG_20210518_183645495,512,512,pepsodent,176,299,235,511
IMG_20210518_183645495,512,512,chitato,213,283,406,423
IMG_20210518_183731554,512,512,pepsodent,60,159,169,313
IMG_20210518_183731554,512,512,chitato,186,127,336,270
IMG_20210518_183731554,512,512,shampoo,143,180,246,310
IMG_20210518_183731554,512,512,indomie,117,291,217,418
IMG_20210518_183731554,512,512,tissue,233,257,332,425
IMG_20210518_183731554,512,512,aqua,309,199,427,396
IMG_20210518_183737010,512,512,chitato,80,186,264,333
IMG_20210518_183737010,512,512,shampoo,144,277,286,380
IMG_20210518_183737010,512,512,tissue,245,194,388,307
IMG_20210518_183737010,512,512,aqua,216,157,354,226
IMG_20210518_183737010,512,512,pepsodent,97,360,286,449
IMG_20210518_183737010,512,512,indomie,256,304,380,416
IMG_20210518_183743410,512,512,aqua,87,226,187,364
IMG_20210518_183743410,512,512,tissue,167,191,253,313
IMG_20210518_183743410,512,512,indomie,255,212,357,288
IMG_20210518_183743410,512,512,chitato,147,305,293,480
IMG_20210518_183743410,512,512,pepsodent,310,275,436,429
IMG_20210518_183743410,512,512,shampoo,243,276,345,395
IMG_20210526_085233196~2,512,512,chitato,34,119,221,312
IMG_20210526_085233196~2,512,512,tissue,181,97,404,226
IMG_20210526_085233196~2,512,512,pepsodent,353,114,479,333
IMG_20210526_085233196~2,512,512,aqua,62,326,354,408
IMG_20210526_085233196~2,512,512,shampoo,337,239,434,430
IMG_20210526_085233196~2,512,512,indomie,191,220,346,325
IMG_20210526_085305804~2,512,512,pepsodent,65,201,140,408
IMG_20210526_085305804~2,512,512,shampoo,119,134,190,283
IMG_20210526_085305804~2,512,512,aqua,186,147,417,204
IMG_20210526_085305804~2,512,512,chitato,289,214,451,387
IMG_20210526_085305804~2,512,512,tissue,119,295,327,403
IMG_20210526_085305804~2,512,512,indomie,174,205,314,299
IMG_20210526_085400096~2,512,512,pepsodent,53,137,151,388
IMG_20210526_085400096~2,512,512,tissue,139,161,330,353
IMG_20210526_085400096~2,512,512,aqua,212,70,352,171
IMG_20210526_085400096~2,512,512,indomie,253,139,377,274
IMG_20210526_085400096~2,512,512,shampoo,173,306,276,394
IMG_20210526_085400096~2,512,512,chitato,286,248,434,427
IMG_20210526_085419924~2,512,512,chitato,53,97,182,292
IMG_20210526_085419924~2,512,512,pepsodent,161,101,356,199
IMG_20210526_085419924~2,512,512,aqua,298,250,469,428
IMG_20210526_085419924~2,512,512,indomie,127,321,239,458
IMG_20210526_085419924~2,512,512,tissue,150,140,270,336
IMG_20210526_085419924~2,512,512,shampoo,233,189,357,347
IMG_20210526_085428498~2,512,512,aqua,254,69,412,206
IMG_20210526_085428498~2,512,512,pepsodent,153,165,220,310
IMG_20210526_085428498~2,512,512,shampoo,220,159,351,259
IMG_20210526_085428498~2,512,512,indomie,338,240,428,364
IMG_20210526_085428498~2,512,512,chitato,163,294,279,446
IMG_20210526_085428498~2,512,512,tissue,190,218,333,347
IMG_20210526_085433617~2,512,512,pepsodent,123,163,217,320
IMG_20210526_085433617~2,512,512,aqua,276,93,424,245
IMG_20210526_085433617~2,512,512,shampoo,225,179,347,286
IMG_20210526_085433617~2,512,512,indomie,328,287,437,418
IMG_20210526_085433617~2,512,512,chitato,90,326,285,483
IMG_20210526_085433617~2,512,512,tissue,181,213,321,378
IMG_20210526_085440905~2,512,512,chitato,78,56,193,242
IMG_20210526_085440905~2,512,512,pepsodent,184,61,377,160
IMG_20210526_085440905~2,512,512,tissue,192,110,305,287
IMG_20210526_085440905~2,512,512,indomie,136,267,277,356
IMG_20210526_085440905~2,512,512,aqua,303,211,465,337
IMG_20210526_085440905~2,512,512,shampoo,260,153,371,281
photo_2021-05-18_21-22-00,512,512,pepsodent,214,165,335,299
photo_2021-05-18_21-22-03,512,512,pepsodent,170,195,331,346
photo_2021-05-18_21-22-04 (2),512,512,pepsodent,130,154,324,383
photo_2021-05-18_21-22-05,512,512,pepsodent,191,33,293,487
photo_2021-05-18_21-22-06,512,512,pepsodent,200,42,306,475
photo_2021-05-18_21-22-08 (2),512,512,indomie,73,203,370,444
photo_2021-05-18_21-22-13,512,512,indomie,172,124,312,413
photo_2021-05-18_21-22-14 (2),512,512,indomie,80,168,384,412
photo_2021-05-18_21-22-15,512,512,pepsodent,148,54,310,497
photo_2021-05-18_21-22-16,512,512,pepsodent,132,299,302,414
photo_2021-05-18_21-22-19,512,512,pepsodent,200,38,291,484
photo_2021-05-18_21-22-20,512,512,pepsodent,214,84,289,452
photo_2021-05-18_21-22-21,512,512,pepsodent,206,72,293,458
photo_2021-05-18_21-22-22,512,512,pepsodent,208,214,290,353
photo_2021-05-18_21-22-24,512,512,pepsodent,208,228,315,406
photo_2021-05-18_21-22-30,512,512,aqua,180,52,324,504
photo_2021-05-18_21-22-31,512,512,aqua,178,241,331,374
photo_2021-05-18_21-22-33,512,512,aqua,179,231,326,379
photo_2021-05-18_21-22-34,512,512,aqua,198,79,350,510
photo_2021-05-18_21-22-42,512,512,tissue,67,155,472,364
photo_2021-05-18_21-22-43,512,512,tissue,86,180,439,329
photo_2021-05-18_21-22-44,512,512,tissue,100,169,456,342
photo_2021-05-18_21-22-45,512,512,tissue,109,165,447,358
photo_2021-05-18_21-22-47,512,512,tissue,150,101,340,438
photo_2021-05-18_21-22-51,512,512,chitato,107,97,385,418
photo_2021-05-18_21-22-54,512,512,chitato,103,88,378,409
photo_2021-05-18_21-22-55,512,512,chitato,135,54,352,471
photo_2021-05-18_21-22-56,512,512,chitato,156,88,348,458
photo_2021-05-18_21-22-57,512,512,chitato,117,101,398,424
photo_2021-05-18_21-23-00,512,512,chitato,130,113,404,437
photo_2021-05-18_21-23-06,512,512,chitato,32,91,220,304
photo_2021-05-18_21-23-06,512,512,shampoo,217,138,291,312
photo_2021-05-18_21-23-06,512,512,pepsodent,202,85,410,149
photo_2021-05-18_21-23-06,512,512,aqua,405,69,488,299
photo_2021-05-18_21-23-06,512,512,indomie,277,143,425,257
photo_2021-05-18_21-23-06,512,512,tissue,174,312,452,452
photo_2021-05-18_21-23-07,512,512,chitato,27,98,222,310
photo_2021-05-18_21-23-07,512,512,pepsodent,201,89,398,158
photo_2021-05-18_21-23-07,512,512,aqua,400,79,470,300
photo_2021-05-18_21-23-07,512,512,shampoo,213,150,276,310
photo_2021-05-18_21-23-07,512,512,indomie,270,141,401,265
photo_2021-05-18_21-23-07,512,512,tissue,169,307,442,456
photo_2021-05-18_21-23-08,512,512,chitato,22,101,222,316
photo_2021-05-18_21-23-08,512,512,pepsodent,209,88,423,165
photo_2021-05-18_21-23-08,512,512,aqua,408,98,493,313
photo_2021-05-18_21-23-08,512,512,shampoo,202,148,288,312
photo_2021-05-18_21-23-08,512,512,indomie,263,157,408,267
photo_2021-05-18_21-23-08,512,512,tissue,190,309,458,440
photo_2021-05-18_21-23-09,512,512,chitato,31,111,212,319
photo_2021-05-18_21-23-09,512,512,shampoo,206,159,285,314
photo_2021-05-18_21-23-09,512,512,pepsodent,207,100,416,162
photo_2021-05-18_21-23-09,512,512,aqua,410,103,492,326
photo_2021-05-18_21-23-09,512,512,indomie,262,166,407,266
photo_2021-05-18_21-23-09,512,512,tissue,183,306,456,441
photo_2021-05-18_21-23-10,512,512,chitato,67,145,211,269
photo_2021-05-18_21-23-10,512,512,shampoo,226,177,280,231
photo_2021-05-18_21-23-10,512,512,indomie,275,169,401,224
photo_2021-05-18_21-23-10,512,512,tissue,193,216,511,372
photo_2021-05-18_21-23-10,512,512,aqua,405,141,512,268
photo_2021-05-18_21-23-10,512,512,pepsodent,232,150,402,188
photo_2021-05-18_21-23-12,512,512,chitato,198,241,294,430
photo_2021-05-18_21-23-12,512,512,shampoo,236,113,290,195
photo_2021-05-18_21-23-12,512,512,pepsodent,305,91,393,183
photo_2021-05-18_21-23-12,512,512,indomie,273,180,374,282
photo_2021-05-18_21-23-12,512,512,aqua,380,208,499,301
photo_2021-05-18_21-23-12,512,512,tissue,304,271,428,434
photo_2021-05-18_21-23-13,512,512,chitato,169,233,328,412
photo_2021-05-18_21-23-13,512,512,shampoo,190,103,293,190
photo_2021-05-18_21-23-13,512,512,pepsodent,252,69,401,176
photo_2021-05-18_21-23-13,512,512,indomie,219,163,343,263
photo_2021-05-18_21-23-13,512,512,aqua,323,190,490,251
photo_2021-05-18_21-23-13,512,512,tissue,307,243,452,397
photo_2021-05-18_21-23-14,512,512,shampoo,53,240,179,428
photo_2021-05-18_21-23-14,512,512,pepsodent,78,148,170,349
photo_2021-05-18_21-23-14,512,512,aqua,229,108,295,312
photo_2021-05-18_21-23-14,512,512,indomie,161,256,261,423
photo_2021-05-18_21-23-14,512,512,tissue,285,115,456,246
photo_2021-05-18_21-23-14,512,512,chitato,261,191,448,488
photo_2021-05-18_21-23-15,512,512,shampoo,45,245,118,413
photo_2021-05-18_21-23-15,512,512,pepsodent,61,144,133,360
photo_2021-05-18_21-23-15,512,512,aqua,198,106,266,211
photo_2021-05-18_21-23-15,512,512,chitato,180,186,440,511
photo_2021-05-18_21-23-15,512,512,tissue,237,122,442,276
photo_2021-05-18_21-23-15,512,512,indomie,120,285,197,419
photo_2021-05-18_21-23-16,512,512,shampoo,97,265,211,444
photo_2021-05-18_21-23-16,512,512,pepsodent,107,165,193,285
photo_2021-05-18_21-23-16,512,512,aqua,256,111,325,310
photo_2021-05-18_21-23-16,512,512,indomie,190,278,320,437
photo_2021-05-18_21-23-16,512,512,tissue,338,119,453,232
photo_2021-05-18_21-23-16,512,512,chitato,307,184,462,509
photo_2021-05-18_21-23-18,512,512,pepsodent,105,123,188,409
photo_2021-05-18_21-23-18,512,512,shampoo,154,218,263,473
photo_2021-05-18_21-23-18,512,512,aqua,224,91,298,291
photo_2021-05-18_21-23-18,512,512,indomie,237,276,355,436
photo_2021-05-18_21-23-18,512,512,chitato,361,153,463,471
photo_2021-05-18_21-23-18,512,512,tissue,306,112,454,375
WhatsApp Image 2021-05-25 at 16.02.36,512,512,chitato,68,212,247,421
WhatsApp Image 2021-05-25 at 16.02.36,512,512,aqua,234,188,325,405
WhatsApp Image 2021-05-25 at 16.02.36,512,512,pepsodent,313,206,389,412
WhatsApp Image 2021-05-25 at 16.02.36,512,512,shampoo,380,216,456,394
WhatsApp Image 2021-05-25 at 16.02.36,512,512,tissue,77,84,315,188
WhatsApp Image 2021-05-25 at 16.02.36,512,512,indomie,308,97,450,195
WhatsApp Image 2021-05-25 at 16.02.37 (1),512,512,chitato,125,78,354,237
WhatsApp Image 2021-05-25 at 16.02.37 (1),512,512,aqua,107,229,184,381
WhatsApp Image 2021-05-25 at 16.02.37 (1),512,512,tissue,163,244,270,392
WhatsApp Image 2021-05-25 at 16.02.37 (1),512,512,shampoo,261,274,321,388
WhatsApp Image 2021-05-25 at 16.02.37 (1),512,512,pepsodent,299,231,356,358
WhatsApp Image 2021-05-25 at 16.02.37 (1),512,512,indomie,356,260,441,358
WhatsApp Image 2021-05-25 at 16.02.37 (2),512,512,chitato,71,140,239,340
WhatsApp Image 2021-05-25 at 16.02.37 (2),512,512,aqua,227,118,314,333
WhatsApp Image 2021-05-25 at 16.02.37 (2),512,512,pepsodent,303,155,361,344
WhatsApp Image 2021-05-25 at 16.02.37 (2),512,512,shampoo,358,173,428,328
WhatsApp Image 2021-05-25 at 16.02.37 (2),512,512,tissue,78,344,311,459
WhatsApp Image 2021-05-25 at 16.02.37 (2),512,512,indomie,309,337,443,447
WhatsApp Image 2021-05-25 at 16.02.38 (1),512,512,aqua,81,225,139,420
WhatsApp Image 2021-05-25 at 16.02.38 (1),512,512,indomie,128,184,245,265
WhatsApp Image 2021-05-25 at 16.02.38 (1),512,512,shampoo,252,130,306,253
WhatsApp Image 2021-05-25 at 16.02.38 (1),512,512,pepsodent,145,272,308,310
WhatsApp Image 2021-05-25 at 16.02.38 (1),512,512,tissue,124,307,324,411
WhatsApp Image 2021-05-25 at 16.02.38 (1),512,512,chitato,303,218,454,396
WhatsApp Image 2021-05-25 at 16.02.38,512,512,indomie,98,189,219,258
WhatsApp Image 2021-05-25 at 16.02.38,512,512,tissue,68,256,241,340
WhatsApp Image 2021-05-25 at 16.02.38,512,512,pepsodent,169,317,338,367
WhatsApp Image 2021-05-25 at 16.02.38,512,512,aqua,226,175,291,312
WhatsApp Image 2021-05-25 at 16.02.38,512,512,shampoo,284,208,337,328
WhatsApp Image 2021-05-25 at 16.02.38,512,512,chitato,320,163,456,325
